CustomerID,CustomerName,CustomerEmail,CustomerPhone,CustomerAddress,RegistrationDate
1,Andrew Golden,pamela19@ortega-wagner.biz,010.842.6226x3412,"006 Melissa Extension, South Yolandaview, LA 62294",2023-12-14
2,Randall Martin,karenespinoza@johnson-whitehead.com,8455500896,"16570 Martinez Junctions Apt. 684, Careybury, NC 27432",2023-01-12
3,Bruce Wolf,idelgado@houston-clark.net,039.201.4342x813,"4662 Cassie Way, Gibsonbury, WA 98686",2023-10-29
4,Richard Hebert,omorrison@hardin.com,+1-942-793-2563x460,"Unit 5086 Box 5197, DPO AP 37199",2021-07-23
5,Bill Rivas,kevinwalters@gmail.com,001-818-329-6647,"002 Kenneth Roads, East Megan, TX 48205",2023-01-29
6,Timothy Thomas,michael09@norris.com,(802)547-7172,"673 Thompson Dale Suite 943, North Loretta, MS 25023",2021-12-09
7,Emily Collins,gdavis@yahoo.com,(425)176-5705,"219 Timothy Mountain, Port Sheila, VT 55620",2023-12-20
8,Sabrina Dunn,bfarrell@gmail.com,931.891.6405,"76782 Jeffrey Radial, South Kayla, NY 09125",2024-02-14
9,Nicole Nelson,pshaw@yahoo.com,+1-624-475-4357x82157,"37309 Daniel Plains Suite 325, New Nicolestad, FL 08024",2023-03-20
10,Cynthia Vasquez,anthony11@wilson.info,003.489.9457x61808,"7653 Theresa Radial Apt. 878, South Tanya, PA 74633",2023-05-02
11,Kimberly Salinas,ofernandez@myers.org,749.272.7845x26024,"896 Wilson Estate Suite 843, Wheelerland, IN 39273",2023-08-31
12,Melissa Smith DVM,vwhite@garcia.info,001-908-502-1854x39312,"4094 Kaufman Green, East Jacobshire, AL 43578",2022-08-21
13,Jamie Moody,fullerjesse@gmail.com,+1-823-922-8565,"651 Lydia Mountains Apt. 815, Lauraland, CA 28076",2021-08-27
14,Joanna Norman,eric03@gmail.com,882-393-6360,"6860 Drew Squares, North Tammystad, VT 04534",2021-11-24
15,Heather Roach,kennethmcintyre@hotmail.com,578-444-5771,"10675 Bird Lodge Apt. 696, Graychester, IN 14198",2021-08-06
16,Dawn Ortiz,camposmonica@norman.com,+1-788-395-9067x0650,"77463 Carr Landing, Carolmouth, SD 77579",2023-02-27
17,Traci Holloway,matthewjohnson@martinez.com,608-055-3600,"723 Branch Skyway Apt. 813, West Timothystad, FL 03228",2023-04-03
18,Zachary Russell,alexisschneider@house.org,517-046-1632,"7347 Hunt Springs Apt. 303, East Amandaland, VT 62260",2024-03-03
19,Anthony Hoffman,wagnerbenjamin@yahoo.com,448-513-3898,"1547 Yolanda Grove, West Luisfort, IA 92592",2023-07-17
20,Eric Turner,smithmichael@schneider.biz,001-997-433-5978x65619,"46258 Coffey Cliffs Suite 386, West Denniston, IL 54935",2023-02-23
21,Kyle Collins,laurenschmidt@beck.com,654-421-2799x06743,"USCGC Hood, FPO AP 77553",2022-09-29
22,Rachel Garcia,johnsonkimberly@yahoo.com,529.642.4737x58331,"5765 Jesse Oval, West Joechester, WV 42049",2023-10-17
23,Michael Henderson,galvantracy@sanchez.com,001-381-355-9925,"059 Hall Cliffs Apt. 688, North Adammouth, GA 16895",2021-06-05
24,Kevin Carson,caseyrichard@hall.net,(341)466-5625,"26627 Reyes Orchard, Tracyborough, MN 61711",2021-07-14
25,Veronica Wolfe,moralesdeborah@ray.biz,+1-963-123-4180x91551,"416 Jimmy Viaduct Apt. 693, Port Crystalhaven, CT 85488",2023-01-12
26,Katherine Stewart,fdavis@hotmail.com,981.726.6222x38116,"334 Riggs Canyon, Josephchester, MD 04700",2022-12-23
27,Arthur Torres,bryceryan@yahoo.com,+1-075-991-9416x87526,"701 Charles Mount, South Teresa, DC 56098",2023-12-08
28,Patricia Kemp,pattersongregory@davis-carrillo.com,(850)550-2733x31303,"1168 Allen Unions, Blackburgh, IL 35823",2021-11-09
29,Roger Frey,belinda39@hotmail.com,001-618-351-2300x54552,"83215 Jennifer Run Suite 120, Moralesburgh, MI 35796",2022-12-19
30,Brandy Williams,allenhoward@brown.com,997.694.8022,"4755 Tran Wells, New Teresa, AR 79020",2024-01-27
31,Jeremiah Maddox,dennisharris@davis-freeman.net,001-967-988-5892x5172,"98115 Wilson Springs, Donnabury, CO 87900",2023-01-18
32,Rebecca Romero,laurenriley@hotmail.com,+1-613-756-4978,"3146 Jose Island, Lake Melissashire, NH 80989",2022-01-14
33,Shannon Stewart,mahoneychase@lang.biz,019.949.5725x30626,"663 Joseph Villages, Port April, NC 39598",2023-09-26
34,Jimmy Patton,matthew42@martin.com,001-246-377-0798x227,"2547 Brian Course Suite 537, Sarachester, RI 53721",2021-11-10
35,Jacqueline Ward,sandraherrera@morgan.org,001-145-551-2873x845,"968 Ramirez Center Suite 980, Lake Catherine, MD 62958",2023-04-19
36,Andrew Miller,hughesdavid@gmail.com,+1-781-675-0958x35172,"748 Traci Parkways, Jimmyport, OK 27735",2022-03-28
37,David Russell,meganmadden@hotmail.com,+1-692-049-8182x0172,"5653 Stevens Garden, Oliverton, IA 19041",2022-07-30
38,Kendra Evans,gomezbrenda@hotmail.com,327.620.9842,"7906 Mike Dam Apt. 613, Port Samantha, IL 64392",2024-02-27
39,Kyle Scott,christopher62@wilson.com,+1-221-958-5603x40921,"075 Keller Oval, East Michaelberg, MO 67355",2021-12-15
40,Thomas Fletcher,thomaskathleen@hotmail.com,(780)977-4134x0302,"3025 Foster Haven, Port Rachelshire, NE 86111",2022-05-20
41,Jennifer Castro,robertslee@jones-dunlap.com,001-878-884-9804x277,"8632 Peter Square Suite 996, South Charles, MO 71284",2021-11-05
42,Amanda Hernandez,nathanjohnson@allen-lambert.net,946-017-3563x917,"96792 Bowman Fords Apt. 505, Jennifertown, KY 63353",2022-02-13
43,Diana Bowen,roberto70@lewis.com,+1-125-592-1060x11551,"22028 Mayer Curve, Williamston, ID 18555",2022-09-06
44,Rebekah Barnett,bburnett@gmail.com,9691442151,"60770 Jennifer Run, East Melissamouth, PA 68625",2023-03-31
45,Angela Blake,henrysydney@love-young.com,(392)813-3186,"Unit 2569 Box 8192, DPO AA 04530",2022-10-08
46,Jennifer Long,sjefferson@smith-nelson.com,001-800-235-3133x512,"6849 Steve Stream Apt. 712, West James, TN 30828",2022-09-24
47,Mary Lopez,marshalljessica@perkins.com,1596269487,"11749 Miller Fall, Ayalaview, OK 24859",2023-06-24
48,Sandra Coleman,mccarthymatthew@green-gibson.com,498-424-1497x674,"63583 Johnson Road Suite 622, Kathrynport, TX 17586",2022-04-15
49,David Hardy,stonesandra@hotmail.com,001-662-516-4640,"15532 Sanchez Village Suite 657, Smithton, OH 91162",2023-01-27
50,Erica Walker,kimberly28@hotmail.com,3201083422,"321 Cantrell Ports, Kathleenmouth, AK 83319",2024-03-05
51,Lisa Leonard,david21@hotmail.com,(952)735-6516x63172,"4089 Freeman Island Suite 903, Watsonchester, NV 56490",2021-07-19
52,Elizabeth Clark,ochoalisa@gonzalez-english.info,(251)462-7180,"9265 Joseph Falls, East Ryan, LA 85724",2022-06-07
53,Paige Russo,michael84@brown.biz,(892)233-9495x50836,"282 Smith Fort, West Traceymouth, TN 85469",2022-12-28
54,Jennifer Massey,ebennett@gmail.com,380-482-3570,"166 Dickerson Union, North Frankland, DC 32952",2021-11-22
55,Danielle Martin,chapmandanielle@yahoo.com,001-261-861-7442x183,"404 Joshua Locks, Marystad, MD 49839",2022-04-17
56,Theresa Sexton,michellegonzalez@hotmail.com,352-377-1166,"Unit 9969 Box 0423, DPO AA 24254",2021-04-23
57,Joseph Davis,bmurphy@marquez-reed.info,(600)092-4137,"987 Hunt Ports Apt. 522, Patriciafurt, OR 11080",2022-01-27
58,Robert Ryan,fergusonallison@robbins.com,+1-338-728-0524,"503 Michael Junctions Apt. 467, East Stephen, NH 83297",2021-06-17
59,Virginia Brown,marshallsandra@hotmail.com,406.823.3233x820,"67925 Timothy Forges, Castilloview, NH 76691",2021-08-21
60,Monique Love,meghanyoung@bolton-larsen.net,+1-707-363-3038x90204,"00562 Danny Mountains, New Williebury, OK 29032",2021-04-29
61,Michelle Hanson,scotthowell@hotmail.com,+1-206-238-7340x68282,"186 Ashley Forest, East Brianside, WI 70719",2022-06-12
62,Mitchell Curtis,uharding@long.info,535-383-9475x86929,"4388 Jennifer Forge Suite 292, Sarahport, SC 00852",2023-11-13
63,Chelsea Carroll,christophersheppard@waters-nguyen.com,(256)790-5292,"PSC 0670, Box 9205, APO AE 46344",2022-07-14
64,Timothy Martinez,angelaatkins@hotmail.com,957-397-2451x7522,"USS Diaz, FPO AA 65015",2022-02-15
65,Bryan Olson,erikjones@hotmail.com,+1-073-759-7373x763,"0609 Estes Ridges Suite 519, Andersonfurt, NV 13071",2024-02-03
66,Heather Escobar,jay73@hebert.com,(037)867-1799x56372,"70867 Lopez Brooks, Timothytown, KY 68721",2023-11-12
67,Mr. Nathan Hicks,veronica91@roth.org,740-897-0299x05776,"0431 Reed Ways, Mcculloughchester, MN 29259",2022-08-28
68,James Daniel,davidjohnson@reeves.com,791-988-5494x6087,"038 Sandra Mountains, Williamsbury, NH 95023",2022-11-11
69,Douglas Thornton,campbellelizabeth@yahoo.com,001-262-893-1720x873,"07497 Melissa Pine, New Jennifermouth, AR 55823",2022-04-12
70,Allen Evans,avilapaul@yahoo.com,959.308.3310x823,"137 Martin Squares Apt. 805, Katherineport, OR 47577",2021-04-07
71,Debra Hughes,bperry@gmail.com,696-514-9590,"764 Vega Manor Suite 610, North Jesse, AZ 02562",2022-01-18
72,Ms. Angela Sullivan MD,pinedaann@johnson.biz,(267)540-3108x7918,"3632 Lopez Grove, Woodardmouth, GA 46602",2022-04-03
73,Joseph Rivera,dianesmith@yahoo.com,760.886.0767x0790,"0672 Jackson Ridges Suite 747, West Joshua, OR 89069",2021-12-29
74,Christie Thompson,raymondburns@gutierrez.com,001-264-640-0738x59243,"61959 Matthew Green, Clarkview, OK 25144",2021-11-19
75,Eric Buchanan,carpenteranthony@hotmail.com,6953400063,"9679 Brian Mission Suite 963, North Barbarabury, VA 80665",2023-04-02
76,Kurt Baker,brownwilliam@yahoo.com,285-148-1825x2052,"1496 Rangel Plain, New Monicashire, HI 58358",2024-04-01
77,Jordan Montgomery,lward@yahoo.com,(699)727-4080,"02157 Yolanda Flat, Schneiderside, AZ 84098",2021-12-24
78,Justin Hoffman,peterfranklin@gmail.com,+1-079-498-0760x0803,"Unit 8139 Box 3436, DPO AA 36879",2024-02-25
79,Heather Thomas,murraymary@gonzalez.info,(888)345-0995,"605 Kelly Trail Suite 389, New Patrickside, ME 66661",2022-04-29
80,Kerry Harrison,stephen97@hill.info,841-958-6406,"696 Wendy Station, East Denniston, KS 35832",2023-07-15
81,Christina Johnson,romerodenise@gmail.com,881-009-1632,"840 Pineda Mews, Oscarshire, SC 60758",2022-05-28
82,Earl Lowery,kimberlyconner@gmail.com,001-746-448-0658x036,"5014 Jesse Gateway Apt. 860, South Franciscoport, WY 33237",2022-02-22
83,Jillian Collins,mserrano@smith-anderson.com,001-836-927-3366,"1079 Susan Pines Suite 137, Port Sharon, OK 86713",2023-08-30
84,Jimmy Daniels,eroberson@hotmail.com,541-523-4134x36134,"448 Hall Island, Lake Samanthamouth, FL 74330",2023-12-13
85,Andrew Burns,bbates@baker.org,(011)374-9458,"8936 Rios Freeway Suite 949, South Jacob, CO 18817",2023-04-23
86,Xavier Walker,kelseybriggs@robertson.com,331.223.7014,"078 Scott Shore, South Benjaminshire, NC 92057",2023-04-21
87,Theresa Owens,daltonnicole@ortiz.net,786.622.0328x8058,"940 Michelle Center, Thomasview, ME 18413",2021-06-22
88,Joanna Brooks,andreamaldonado@hotmail.com,001-015-580-4684,"501 Sandoval Village Apt. 710, Lake Trevor, NC 37602",2024-03-15
89,Mark Clark,bridgesjason@gmail.com,+1-363-962-1284x89807,"223 Michael Springs Suite 120, Port Waltertown, MI 29242",2023-03-26
90,Zoe Roberson,xlee@yahoo.com,996-545-7193x772,"163 Lewis Ports, East Patriciastad, WY 34513",2022-10-09
91,Jonathan Flores,samanthajohnson@short.com,+1-656-541-2107x5027,"7260 Alicia Causeway, New Priscillaburgh, ND 79055",2023-11-12
92,Daniel Sanders,stephen32@hotmail.com,001-519-799-5037x1492,"50032 Gregory Underpass Apt. 193, East Melissahaven, TX 62277",2023-04-22
93,Ann Lopez,vsmith@yates.net,001-083-444-4265x23029,"38336 Victoria Inlet Suite 345, New Melissa, MT 88333",2024-03-09
94,Justin Burke,levans@williams.com,(678)684-8805x67069,"9852 John Isle, North Sherry, DC 52163",2021-06-21
95,Bonnie Odom,danielle01@yahoo.com,001-127-751-4616x305,"15244 Joseph Court, Tracyberg, AK 77810",2022-02-07
96,Thomas Smith,jamesramirez@dennis-jordan.info,196-935-0196,"8971 Bird Port Suite 702, Alisonbury, MO 94125",2021-09-20
97,Lynn Orozco,villanuevamatthew@meza.info,0405855903,"678 Young Coves Apt. 087, North Patrickville, NC 86804",2023-01-13
98,Daniel Potter,zharris@hotmail.com,595.623.2090,"99234 Phillips Neck, New Eddieland, OR 52351",2022-09-23
99,Ashley Ward,coxangela@hotmail.com,(377)978-1293,"870 Roberts Key Suite 136, Gamblebury, CA 00969",2023-12-14
100,Jennifer Kelley,charlenenguyen@gmail.com,580.146.3414x97857,"1675 Elaine Prairie, Schwartzshire, CA 15084",2022-01-31
101,Erica Campbell,pamelaswanson@hernandez-brown.com,885-184-3898,"2875 Gloria Turnpike Suite 433, South Susan, NC 34613",2021-04-13
102,Sarah Goodman,bcarter@rodriguez.org,+1-401-212-2038,"28511 Allison Ports Apt. 847, Port Michael, PA 98982",2022-03-01
103,Eddie Woods,williamsdonald@gmail.com,001-546-785-2347,"PSC 0638, Box 0460, APO AA 77984",2022-05-22
104,Amanda Gonzales,tpeterson@reynolds-green.com,(720)306-4422x9953,"576 Hernandez Crossing Suite 361, South Tyler, DC 22627",2021-05-28
105,Mark Martin,sherylstevenson@gmail.com,(336)525-3475,"9428 Mitchell Shores Apt. 081, Port Gabrielleview, NC 39717",2022-07-02
106,Colin Williams,belindaporter@hotmail.com,(273)952-2834,"PSC 4898, Box 1651, APO AP 07514",2023-09-30
107,Craig Smith,basscurtis@rojas-goodman.org,001-695-023-4327x122,"598 Martin Summit Suite 321, Port Jesse, IL 85024",2023-01-25
108,Antonio Mercado,carrie96@brewer-white.com,342.433.9973,"6573 Carmen Dale, East Lisa, NH 44757",2022-10-19
109,Michael Grimes,sanfordangela@ward.com,+1-644-543-8842x17894,"6588 Serrano Lights, Sarahstad, AL 13023",2022-10-29
110,Elizabeth Conway,xadkins@young.com,(828)232-6415,"3186 Schwartz Ramp Apt. 688, West Joseph, OR 84540",2021-06-17
111,Sarah Luna,matthewsanchez@wolfe.com,406-376-4938x74942,"396 Camacho Turnpike Suite 578, North Anthonyhaven, AZ 57754",2022-07-31
112,Kevin Perkins,lschmidt@hotmail.com,551-602-0119x1251,"47243 Hudson Heights, New David, NC 58345",2024-02-23
113,Elizabeth Owens,sarahmaldonado@acevedo-matthews.org,(900)096-7417,"363 Thomas Ports Suite 731, Coxfurt, RI 11246",2023-06-14
114,Ruth Fields,marcus64@howell.biz,8476749128,"764 Rachel Villages, Anthonyborough, AR 21941",2023-06-26
115,Brooke Lyons,ryan96@hotmail.com,+1-905-633-3556,"1115 Mathews Walk Suite 716, West Christinafort, GA 39735",2023-06-10
116,Jessica Valdez,nbriggs@hernandez.com,(989)545-5568,"485 Walters Curve Apt. 278, Lake Robert, CO 02085",2022-01-13
117,Richard Martinez,maureen37@gmail.com,036-541-8207,"43220 Andrew Locks Suite 246, New Debramouth, IL 62222",2022-05-11
118,Helen Harris,lmarshall@hotmail.com,+1-952-939-6919x18729,"2783 Raymond Meadows, South Ellen, WY 71505",2022-05-16
119,Willie Moss,patrick52@hotmail.com,(853)057-3820,"6766 Norris Courts Apt. 786, North Marymouth, MO 97817",2024-01-05
120,Tyler Gonzalez,hayleycarter@blake.com,001-258-839-0214x18087,"Unit 3318 Box 6360, DPO AA 74068",2023-05-18
121,Alison Calderon,wheelertimothy@hotmail.com,(379)517-3938x99302,"979 Janet Brooks, Barnettburgh, FL 96582",2022-07-14
122,Jeffrey Elliott,ricardo55@gmail.com,496-355-8825x3718,"79782 Coleman Plaza, New Olivia, CT 66487",2021-06-16
123,Jason Johnson,icrane@gonzales-ward.com,423.306.2242,"50407 Steven Summit Suite 355, Dyermouth, AR 56886",2022-02-25
124,Tonya Lawrence,caleb67@hotmail.com,9792861427,"84104 Barker Locks Apt. 150, Kellyburgh, IL 83662",2023-04-21
125,Samantha White,clarkdavid@gmail.com,7254722844,"267 Adkins Oval Apt. 004, Michaelbury, WA 52287",2021-09-10
126,Stephen Wiley,christophermorrison@brooks.biz,988-336-8337x4317,"2282 Ashley Road Apt. 507, North Luistown, TN 79629",2024-01-21
127,Jordan Ayers,danielle69@hotmail.com,+1-455-345-7968x04880,"778 Potter Route, North Chrismouth, SC 83949",2024-03-21
128,Terri Scott,uhouston@young.com,(711)071-5354x37129,"065 Jeffery Loop, South Cameronshire, IA 80124",2023-07-26
129,Dennis Conley,kevin31@whitaker-crane.com,709-687-1044x111,"Unit 2487 Box 4050, DPO AP 68382",2023-06-21
130,Gregory Barber,bhobbs@gmail.com,(761)444-7782x784,"88501 Heather Station Suite 474, Marissahaven, GA 07096",2021-06-19
131,Diana Phillips,michael11@smith-martinez.com,242.486.7788x2843,"338 Mark Stravenue, Lake Amyview, NY 98770",2021-09-22
132,Emily Carr,wrightemily@harris.com,(951)425-5679x9410,"500 Mcconnell Viaduct Suite 069, Leachmouth, IL 43428",2023-11-06
133,Paul Ramos,paul95@yahoo.com,286.244.4551x299,"52035 Kristine Place Apt. 416, East Tammy, NY 69041",2022-08-28
134,John Brown,kaylamartin@gmail.com,+1-099-955-5759x1604,"PSC 3197, Box 6812, APO AE 63220",2023-06-25
135,Justin Marquez,pnichols@yahoo.com,466-532-3938x782,"USNV Ramos, FPO AE 79199",2023-07-05
136,Jose Richards,cynthia34@garza.net,177-530-1289x71605,"2538 Morris Cliffs Suite 064, Port Kimberly, IA 03554",2022-06-12
137,Kevin Wagner,milesgwendolyn@gmail.com,803.058.2193,"5869 Lee Mall, South Kristen, MT 83757",2023-05-03
138,April Allen,smithvictoria@hotmail.com,(113)619-6499,"73514 Fisher Junction Apt. 062, South Michael, VA 09434",2022-09-07
139,Mrs. Sarah Bautista,wendyfriedman@hicks-hernandez.info,(954)897-7329,"5567 Burch Run Apt. 254, Lake Ritaport, CT 28561",2024-01-26
140,Sarah Armstrong,campbelljames@hotmail.com,341.146.2103x10390,"200 Moore Walk Suite 923, Mccormickville, AZ 80204",2024-02-17
141,Brittany Alvarez,qosborne@gmail.com,203-627-2737,"503 Daniel Drive Apt. 869, Smithfurt, AL 94499",2023-09-25
142,David Rojas,dunndonna@yahoo.com,353-664-2731x13088,"330 Munoz Mountains Apt. 697, Collinshaven, NV 81446",2022-07-17
143,Heather Walker,mcalderon@yahoo.com,+1-991-309-6246x8068,"8488 Jeremiah Common Suite 559, New Andreburgh, MN 27073",2023-10-07
144,Dr. Lisa Cox,slopez@brown.net,+1-701-755-8042x537,"23476 Miller Ranch Apt. 417, Pamelaville, SD 36209",2022-04-27
145,Scott Thompson,jacksonscott@gmail.com,979-619-1406,"3607 Lisa River Apt. 594, Brightview, MS 13994",2023-11-16
146,Heidi Perry,simslisa@hotmail.com,630.462.9073,"93801 Robert Greens Apt. 730, East Dominique, MN 41893",2021-09-01
147,Paul Lewis,wporter@gmail.com,821.409.7931x2769,"2369 Chad Cliff, New William, VA 51584",2023-07-13
148,Alexis Harrison,thomas37@khan.info,832.743.5029x2751,"60513 Huff Unions, New Gloriabury, KS 12303",2022-07-05
149,John Murphy,lori05@knapp-hanson.com,+1-838-075-9584x353,"73033 Brown Rapids Apt. 264, South Elijahmouth, WA 30260",2021-09-04
150,Andrew Soto,edwin49@pierce.com,+1-411-499-6315x20739,"PSC 7761, Box 8615, APO AE 06724",2022-10-27
151,Gregory Mcbride,anthony06@gmail.com,+1-394-791-6804x39687,"78776 Cantrell Meadows Apt. 704, Dawsonborough, NY 87010",2023-12-01
152,Amy Stevens,ljones@miller.org,669-049-6766x918,"5799 Ross Wall Suite 514, Thomaschester, TN 16950",2021-12-05
153,Francisco Parrish,kimberlycook@hotmail.com,(420)326-0634x3251,"9467 Perkins Rue Suite 734, East Ashley, KS 77954",2021-07-23
154,Theresa Wong,william90@carter.com,(781)018-5921x452,"396 Alyssa Crossing Apt. 410, Lindastad, ND 94734",2023-10-31
155,Leah Alexander,ulang@gmail.com,180.936.9085x8820,"299 Kelli Ramp Apt. 151, New Joebury, ME 73332",2022-09-24
156,Sarah Bradshaw,lucerodaniel@kim-savage.com,+1-586-182-8349x43158,"211 Bean Junction, Lake Donaldchester, OH 05330",2022-04-15
157,Crystal Small,dgriffith@yahoo.com,+1-791-842-8660,"8241 Estes Terrace, Vincentfort, LA 86863",2021-12-15
158,Paul Becker,summersjennifer@weiss.net,+1-885-915-2151x5421,"7105 Laura Shoals, Castilloville, TX 23633",2024-03-15
159,Tyrone Parker,olsenrachel@yahoo.com,+1-332-702-2983x442,"084 Best Light, Kristenhaven, ID 33126",2022-04-27
160,Lori Rush,marshalicia@munoz-wilson.info,226-841-0066,"0176 Snyder Junction Apt. 136, Port Ricardohaven, AZ 91041",2021-08-20
161,Renee Marquez,jbird@hotmail.com,(339)394-3268,"88197 Hopkins Forge, Armstrongport, KY 64854",2022-03-20
162,Mr. Francis Johnson DDS,williamschad@hotmail.com,(264)052-9689x3083,"USNV Howard, FPO AA 07243",2022-12-10
163,Dominic Brown,sandra92@combs.com,001-153-612-1589x87659,"678 Thomas Fords Apt. 218, Simonmouth, AK 02461",2021-12-18
164,Lisa Thompson,raymond01@yahoo.com,(918)978-9949x6277,"9367 Jason Center Apt. 826, Heidiberg, MI 60405",2022-05-05
165,Keith Alexander,griley@welch-sullivan.biz,2453831752,"62318 Jonathan Mill, Port Jessicafort, WV 74184",2023-11-12
166,David Kerr,markparsons@gmail.com,9643085963,"1813 Lucas Forest Apt. 705, Millsmouth, NE 31227",2022-03-24
167,Monique Banks,williamwilliams@gmail.com,687-216-5678,"31689 Justin Pike Suite 946, Nashside, IN 42549",2021-12-30
168,Brian Freeman,shirley83@davis-madden.com,983.484.0667,"080 Miranda Courts Apt. 964, Josephbury, ND 86737",2022-01-04
169,Kiara Sanders,iwang@smith.com,+1-397-560-3468x41345,"641 Matthew Courts, Port Austin, NM 26894",2021-05-08
170,Kevin Adkins,staylor@flores.info,111-246-7177,"08548 Christopher Square, Staceymouth, MN 31118",2023-05-10
171,Mike Best,beverlybishop@yahoo.com,+1-075-131-6016x85142,"216 Mindy Roads Apt. 758, Palmerborough, MA 47414",2022-02-06
172,Michael Mcneil,thorntonkevin@gmail.com,001-168-103-5191x746,"53688 Dawn Lake Suite 025, Mcdanielstad, VT 78110",2023-11-23
173,Kelly Valencia,cranetiffany@gmail.com,493-785-3366,"07495 Brian Estate Apt. 406, North Michael, NH 81112",2021-10-24
174,David Bates,jamie06@preston.com,999.087.8394x17752,"5447 Andrea Hollow, Brendamouth, KS 43405",2023-09-13
175,Russell Richardson,jordancaleb@yahoo.com,+1-643-126-3595x784,"1779 Richard Vista Suite 268, Richardberg, MS 18464",2024-01-27
176,John Sullivan,chenroy@schaefer.biz,+1-457-893-8376x618,"USS Smith, FPO AA 63264",2022-12-19
177,Karen Hays,martinandrew@wood-matthews.org,(813)877-3305,"514 Hall Path, Chasebury, LA 07643",2022-08-14
178,Zachary Cole,ascott@hotmail.com,001-587-379-3538,"Unit 0335 Box 4269, DPO AP 60471",2023-08-31
179,Nathaniel Buck,kathy83@yahoo.com,942.159.4038,"530 Larry Center Apt. 440, Marshallville, OR 34987",2024-03-02
180,Mary Edwards,lindseygibson@yahoo.com,463-421-5239x10369,"60477 Brooke Trail Suite 076, Derrickmouth, WA 66920",2021-06-09
181,Rachel Ortiz,steven44@thomas.com,(891)285-2469,"77899 Steven Falls, Johnhaven, MO 74126",2021-11-09
182,Jessica Harris,stephen23@gmail.com,139-166-6144,"PSC 7375, Box 5175, APO AA 69074",2023-02-02
183,April Torres,amorgan@gmail.com,(057)222-5503x51906,"533 Alex Square, Raymondshire, VT 05860",2022-06-05
184,Carol Rhodes,jill63@yahoo.com,970-062-2912,"6865 Patricia Route, Devinland, CT 18699",2023-04-13
185,Emily Lambert,derrick05@hotmail.com,001-243-722-6274x39577,"97531 Angela Rest Apt. 871, Lake Katie, DE 16231",2022-04-20
186,Leah Newman,janejones@green.org,001-673-222-2897,"21788 Richards Lane, South Kristintown, WA 76587",2022-06-01
187,Nancy Mendoza,olsonaustin@hotmail.com,684-986-3313x300,"76135 Michael Valleys Suite 416, Lake Kenneth, PA 08514",2023-08-09
188,Jodi Chavez,jennifer89@gmail.com,(453)461-6776x665,"12964 Mccullough Avenue, Philiptown, CA 70207",2021-08-03
189,Lance Fuentes,popebrandon@gmail.com,5556820363,"534 Megan Mountain Apt. 282, Natalieview, MD 35697",2022-01-28
190,Mr. Wayne Scott MD,ywalls@gallagher.com,454.869.3955,"352 Christian Islands Apt. 584, Monicatown, AL 60300",2022-02-08
191,Carly Patrick,kathrynbooth@smith.com,001-188-385-0086,"109 Mcpherson Meadow, Christopherburgh, ID 39317",2023-05-22
192,Amber Fry DDS,dana28@charles-gonzalez.info,(159)336-6592,"67853 Krista Cove, Deborahborough, CA 53464",2023-06-13
193,Travis Jennings,davidwashington@yahoo.com,559.771.5395,"22099 Nathaniel Crescent Suite 067, Elizabethfort, NH 13183",2023-02-09
194,Paul Horn,kathyhernandez@gmail.com,485.638.8824,"48452 Wilson Lock Apt. 738, New Alexandermouth, VA 44445",2021-08-18
195,Christina Harris,youngroberto@cervantes.com,853.453.3195,"520 Jesus Stravenue Apt. 220, Stanleyport, NM 41385",2022-10-14
196,Sara Luna,jennifer52@hotmail.com,888.528.0892,"147 Villanueva Locks, Lake Brianmouth, CO 77221",2023-08-19
197,Joseph Alvarado,astrong@gmail.com,163.670.9318,"92145 Amber Manors, Derekbury, SC 65420",2023-07-23
198,Christopher Lopez,wlowe@patrick.com,(849)790-4354,"7168 Christie View, Coreyfurt, GA 20376",2021-12-04
199,Dr. Dana Galvan MD,greenmark@gmail.com,(493)322-7787x0578,"731 Brown Oval Suite 078, Charlesshire, MN 39230",2022-10-07
200,Darryl Conway,whitneythomas@yahoo.com,630.536.0926x590,"2769 Brenda Prairie, New Madisonmouth, NJ 78365",2022-03-05